RPS Range,Average Response Time (ms)
1 - 5,124.82113636363637
5 - 10,114.62189344262295
10 - 15,85.57579005524862
15 - 20,90.37395454545455
20 - 25,95.94488695652173
25 - 30,97.72781419624216
30 - 35,333.9385243619489
35 - 40,418.5391592105263
40 - 45,429.8794245742092
45 - 50,788.4243165013526
50 - 55,1278.862037132709
55 - 60,1504.0185083314818
60 - 65,1587.6143278688526
65 - 70,
70 - 75,
75 - 80,
80 - 85,
85 - 90,
90 - 95,
95 - 100,
