RPS Range,Average Response Time (ms)
1 - 5,138.55520454545456
5 - 10,114.2958125
10 - 15,89.0615845410628
15 - 20,90.94159778597786
20 - 25,92.89694054054054
25 - 30,268.1390236966825
30 - 35,94.12844421906694
35 - 40,102.26330313014826
40 - 45,122.10691077441078
45 - 50,560.0994340753424
50 - 55,1044.933805936073
55 - 60,1490.712489908546
60 - 65,1709.0883852459017
65 - 70,
70 - 75,
75 - 80,
80 - 85,
85 - 90,
90 - 95,
95 - 100,
